<?xml version="1.0" encoding="UTF-8" standalone="yes"?>
<addon id="plugin.video.senku_tv" version="1.0.0" name="Senku TV" provider-name="TBLeo">
    <extension point="xbmc.python.plugin" library="main.py">
        <provides>video</provides>
    </extension>
    <extension point="xbmc.addon.metadata">
        <summary>Addon para ver canales Acestream en Kodi</summary>
        <description>Senku TV permite ver canales en vivo mediante enlaces Acestream en Kodi.</description>
        <platform>all</platform>
        <language>es</language>
        <fanart>fanart.jpg</fanart>
        <icon>Senku3.png</icon>
    </extension>
</addon>
